Model,Accuracy_Train,Accuracy_Test,Precision,Recall,F1_Score
Random Forest,0.96875,0.925,0.9262499999999999,0.925,0.925046904315197
SVM,0.9375,0.95,0.95,0.95,0.95
KNN,0.94375,0.925,0.9262499999999999,0.925,0.925046904315197
