Model,Accuracy_Train,Accuracy_Test,Precision,Recall,F1_Score
Random Forest,0.975,0.925,0.9262499999999999,0.925,0.925046904315197
SVM,0.925,0.875,0.87625,0.875,0.8750781738586617
KNN,0.93125,0.9,0.9045112781954888,0.9,0.9
