Model,Accuracy_Train,Accuracy_Test,Precision,Recall,F1_Score
Random Forest,0.9875,0.925,0.9258838383838384,0.925,0.9248585795097423
SVM,0.90625,1.0,1.0,1.0,1.0
KNN,0.925,0.925,0.934375,0.925,0.9242857142857144
